,Accuracy (vs GT),F1 (vs GT),Baseline Approval Rate,Target Approval Rate,DPD,EOD
Baseline Model,0.64,0.7759336099585062,0.9602649006622517,0.5704697986577181,0.3897951020045336,0.42842741935483875
Aligned Model (Blueprint),0.8266666666666667,0.9044117647058824,0.9801324503311258,0.9664429530201343,0.01368949731099156,0.015120967741935498
